sha256	path
20978473fea8ca120c43effd332d2d0df546bc1b39441773852b5868d74f97ef	temp/ts/assert/README.md
b55747a2071433fbdae2566afea9039e9d291e97a840fdcb232c00495553ef7e	temp/ts/assert/eslint.config.mjs
b8df7eb4affd21b7dc3e5c0e91773ee1597a042a064ed7ac4bc4fdb8559372d3	temp/ts/assert/package.json
d3c26c203c42fa8fc6d421a133d203436efbe5cf63028127edad898497bbccdc	temp/ts/assert/project.json
290ee7fff090c20106a8ce01cd1c64d7e4e331f4e3c9becf8388060db6564307	temp/ts/assert/src/index.ts
959f1522612b6514bcee8c7f8f15af96db71462754fda1ebb748095cf948026d	temp/ts/assert/src/lib/base-assert.exception.ts
a914f0bce9078256a8dcb45aa0f07a8de5994c4f55bf2d09e99f65e45e64cbd3	temp/ts/assert/src/lib/is-array/assert-is-array.exception.ts
6b77158c3b38fe1ab4b038907f9c4a78fb7e9703007b971d78d4714e5912003b	temp/ts/assert/src/lib/is-array/assert-is-array.spec.ts
3319e6804e6577740bee96737073a2a70d6bc217a7c0bee23ef23343b7120281	temp/ts/assert/src/lib/is-array/assert-is-array.ts
8ca54cc5ba0685536567a32540a8e87131aabaaf6cb8fc64d4f99b2c4484bf55	temp/ts/assert/src/lib/is-function/assert-is-function.exception.ts
83f4b85ac708d9dd549756a873237a2d27b5c6628001235a4131dcd1371efe93	temp/ts/assert/src/lib/is-function/assert-is-function.spec.ts
458539b9bbf0c56660bf7b7380001c5bcccb2f4d85cae038ea89d27c1d467487	temp/ts/assert/src/lib/is-function/assert-is-function.ts
818d0077988dcfdc7f941aeb6e6c286b7d1212f1339973c7b361a7e701aaaa35	temp/ts/assert/src/lib/is-int/assert-is-int.exception.ts
8b5a42450494b92c73c6679973d4fa4588e39e66d94fa2def21deecc329ee196	temp/ts/assert/src/lib/is-int/assert-is-int.spec.ts
0afedfae8f939687a0e5dc322b241a5eda32358d77e94b35addfd872502c1e64	temp/ts/assert/src/lib/is-int/assert-is-int.ts
cbfcaa9c7f462a6e2191c3b2187ec60d54cbbae05d955efb8e5923027df392f8	temp/ts/assert/src/lib/is-nil/assert-is-nil.exception.ts
6f9b333a386b4c5c828fb87082e129e71495bfc94023d861cb32f2238e821b07	temp/ts/assert/src/lib/is-nil/assert-is-nil.spec.ts
0ee99560742d2ab9d81313d4602f9f12cc553496ddb0bfd6e369509896499c83	temp/ts/assert/src/lib/is-nil/assert-is-nil.ts
0eff486d96edee30a60d27704b31141ad69edf7dbdb788aa1f8c75f9aa55fcd3	temp/ts/assert/src/lib/is-nil/assert-is-not-nil.exception.ts
561c1ab7befc1a1aab4581b93c09ae5726c53134d844cc188e518906bbb7acfa	temp/ts/assert/src/lib/is-nil/assert-is-not-nil.spec.ts
33c5c5d23cb4f9ef870a4ae224880871e487adcd39ef9453e798062752a44467	temp/ts/assert/src/lib/is-nil/assert-is-not-nil.ts
816edffe63eef85d679bf6028daee5d2700aa4f4011c1cd3ee27592adcc3428f	temp/ts/assert/src/lib/is-not-empty-array/assert-is-not-empty-array.exception.ts
1970ee1209a3604fd6bd3f2e8da0915b43e08db4a45a67e5226f682811801429	temp/ts/assert/src/lib/is-not-empty-array/assert-is-not-empty-array.spec.ts
0aeeb990a04531321531e37e6487faec59d5d2fb990d8596f29bc47c26cd9677	temp/ts/assert/src/lib/is-not-empty-array/assert-is-not-empty-array.ts
5ae09db45fbe264c3959e25fd9931f50f17f0b3db54d668879c9c51e826a82df	temp/ts/assert/src/lib/is-string/assert-is-string.exception.ts
a1d4dd323bf815a9e029bb12addb426a625b38f48ebfed081e22925e29196f9f	temp/ts/assert/src/lib/is-string/assert-is-string.spec.ts
23146dab99b964756140962038b89ec77e0a0db89717febfcd4ec780c4feb019	temp/ts/assert/src/lib/is-string/assert-is-string.ts
cd7a9146a64f8b27beb5c9ac66c25fb0394e0388c0c6c113666dbfd6368cae63	temp/ts/assert/src/lib/test-constants.ts
8efb95d021f54b203c29b9d81af335287fe62cefad67af3e0402fe61f32679a6	temp/ts/assert/tsconfig.json
15e3b25ebf45806b4e70688fd1fc100ca999e616f6e7100b1f8df37de7952561	temp/ts/assert/tsconfig.lib.json
634a8c88e715894bb21e1cc79cb05516e2f211c18389b0508d8deaf7c27ef38c	temp/ts/assert/tsconfig.spec.json
e901aabf086024e919a09751f5eed2eb45af6e04f6ea62e87c8c36a4ea48027d	temp/ts/assert/vitest.config.mts
