strategy,mask,symbol,parameters,isTotalReturnPct,isMaxDrawdownPct,isSharpe,validationTotalReturnPct,validationMaxDrawdownPct,validationSharpe,validationSortino,validationProfitFactor,validationWinRatePct,validationTotalTrades,oosTotalReturnPct,oosMaxDrawdownPct,oosSharpe,oosSortino,oosProfitFactor,oosWinRatePct,oosTotalTrades
donchian_pivot_composition,10000,ETH/USDT,"{""symbol"":""ETH/USDT"",""timeframe"":""15m"",""initialEquityUsd"":10000,""minConsensus"":1,""maxPositionPctEquity"":0.04}",16559.711702771434,1.2621187998217593,36.07365930078517,301.0502836316773,1.0552396349180635,38.10826166871024,101.26868476188447,8.839159479226028,70.48665620094191,2548,170.64924415300194,1.6701885682104682,35.74701693553327,76.21178996309737,5.888674546440224,65.97061098221191,2586
donchian_pivot_composition,10000,ETH/USDT,"{""symbol"":""ETH/USDT"",""timeframe"":""15m"",""initialEquityUsd"":10000,""minConsensus"":1,""maxPositionPctEquity"":0.08}",411595.3416547027,2.509375998981507,38.17285018814933,1007.2266384548149,2.0997896447659774,38.369541168671844,91.0590074402962,7.5496002236314945,70.48665620094191,2548,411.5375954481622,3.313398317679219,35.413604569837304,65.7698086930812,4.875454984444155,65.97061098221191,2586
donchian_pivot_composition,10000,ETH/USDT,"{""symbol"":""ETH/USDT"",""timeframe"":""15m"",""initialEquityUsd"":10000,""minConsensus"":1,""maxPositionPctEquity"":0.12}",2707328.0907686856,3.702264162532882,38.85724690915273,2045.4506004464613,3.120970664639917,37.097841094619056,83.66094713667565,6.465279634531612,70.48665620094191,2548,675.814780569828,4.945135448663908,33.4962689460718,59.083740777417916,4.257583224317095,65.97061098221191,2586
donchian_pivot_composition,10000,ETH/USDT,"{""symbol"":""ETH/USDT"",""timeframe"":""15m"",""initialEquityUsd"":10000,""minConsensus"":1,""maxPositionPctEquity"":0.15}",6753880.816910848,4.562091126859712,38.81216173408608,2703.8728968116393,3.8304469196242383,36.34495998946127,77.3833736380401,5.814552265975497,70.48665620094191,2548,902.6363432504088,6.1973015211868825,32.322522809807225,56.31654320541966,3.9709964360017977,65.97061098221191,2586
donchian_pivot_composition,10000,ETH/USDT,"{""symbol"":""ETH/USDT"",""timeframe"":""15m"",""initialEquityUsd"":10000,""minConsensus"":1,""maxPositionPctEquity"":0.2}",19055862.132549938,5.855462773359561,38.27003036788158,3433.069401041653,5.136634649069596,35.48513605652815,68.57875164378112,5.014477584578896,70.48665620094191,2548,1341.3930438623388,8.115426081547099,30.683350445828285,53.47315421290234,3.677620068722354,65.97061098221191,2586
donchian_pivot_composition,10000,ETH/USDT,"{""symbol"":""ETH/USDT"",""timeframe"":""15m"",""initialEquityUsd"":10000,""minConsensus"":2,""maxPositionPctEquity"":0.04}",1276.248184814838,0.2942121894447263,22.85791168161636,60.65712974525152,0.06913617174323337,19.341713279255906,65.91028230056973,293.8122862340126,91.61073825503355,298,17.089359754667075,0.12592040923082837,16.915467435085823,23.209669747065384,60.48479184985172,90.68100358422939,279
donchian_pivot_composition,10000,ETH/USDT,"{""symbol"":""ETH/USDT"",""timeframe"":""15m"",""initialEquityUsd"":10000,""minConsensus"":2,""maxPositionPctEquity"":0.08}",6295.013377305419,0.5873385266538897,25.46358939807216,137.31719330865653,0.13823048238608648,20.635029099517944,60.279797260331314,274.970406611888,91.61073825503355,298,37.07610407615912,0.2517044710250771,16.915465400097425,23.209875781767124,59.30416808433911,90.68100358422939,279
donchian_pivot_composition,10000,ETH/USDT,"{""symbol"":""ETH/USDT"",""timeframe"":""15m"",""initialEquityUsd"":10000,""minConsensus"":2,""maxPositionPctEquity"":0.12}",16144.877993102971,0.8793846115074715,26.63838529867279,214.70695660639882,0.2072829537935197,21.179611368785512,53.5184642413223,245.62083484980226,91.61073825503355,298,59.095652882278046,0.3773523097957277,17.21255941110248,22.79281590551959,57.45054395051303,90.68100358422939,279
donchian_pivot_composition,10000,ETH/USDT,"{""symbol"":""ETH/USDT"",""timeframe"":""15m"",""initialEquityUsd"":10000,""minConsensus"":2,""maxPositionPctEquity"":0.15}",24546.457621521295,1.0977136065292254,27.11168359114196,237.03298672420678,0.25904486349858347,21.438277102313187,45.62271191194794,210.23201342953655,91.61073825503355,298,73.77291132958365,0.4714988673042887,17.85623725679856,21.703184682408796,54.817874974121125,90.68100358422939,279
donchian_pivot_composition,10000,ETH/USDT,"{""symbol"":""ETH/USDT"",""timeframe"":""15m"",""initialEquityUsd"":10000,""minConsensus"":2,""maxPositionPctEquity"":0.2}",36169.19067380163,1.460258231798937,27.511704442548552,250.16941628606256,0.34526246631366475,21.685064197453986,35.54793691957254,162.3891717447513,91.61073825503355,298,98.0180043734988,0.6282398154536194,18.619910683115723,20.153572172899885,51.32321581467126,90.68100358422939,279
donchian_pivot_composition,10000,SOL/USDT,"{""symbol"":""SOL/USDT"",""timeframe"":""15m"",""initialEquityUsd"":10000,""minConsensus"":2,""maxPositionPctEquity"":0.04}",5375.690313722465,0.3135458613777661,32.664842371020185,47.1494493432353,0.004797121487253509,14.572445460487794,85.4872290570255,Infinity,100,113,35.1413603746174,0.34030275892586537,21.126026789996484,31.028737299201165,39.24687091783496,85.91224018475751,433
donchian_pivot_composition,10000,SOL/USDT,"{""symbol"":""SOL/USDT"",""timeframe"":""15m"",""initialEquityUsd"":10000,""minConsensus"":2,""maxPositionPctEquity"":0.08}",132402.6518839367,0.6255496825049341,35.18595956202321,86.43127207823338,0.00959424297449793,14.968702772062828,81.23372077558557,Infinity,100,113,82.56126150268054,0.6792199948604358,21.126624834788966,31.04401254276219,40.46630257920037,85.91224018475751,433
donchian_pivot_composition,10000,SOL/USDT,"{""symbol"":""SOL/USDT"",""timeframe"":""15m"",""initialEquityUsd"":10000,""minConsensus"":2,""maxPositionPctEquity"":0.2}",5323345.391325344,1.5524213893500909,38.1759968750853,89.2154038922739,0.010191150622854757,15.001755999286848,81.0939923709905,Infinity,100,113,248.75840365558705,1.6877329753824764,22.175767691951577,25.84976403292695,33.287300895279785,85.91224018475751,433
donchian_range_channel,ablation,ETH/USDT,"{""symbol"":""ETH/USDT"",""timeframe"":""15m"",""initialEquityUsd"":10000,""donchianPeriod"":10,""adxTrendThreshold"":30}",500112407188.2622,3.59041274834576,45.96128457394488,55127.041657414295,1.5420761811505148,41.99366031941188,106.51981832213455,75.54671419868822,90.0709219858156,1410,1602.5541350365988,4.913876563826124,32.23014077592025,62.879695068671296,16.192269985065295,79.64257964257965,1287
donchian_range_channel,ablation,ETH/USDT,"{""symbol"":""ETH/USDT"",""timeframe"":""15m"",""initialEquityUsd"":10000,""donchianPeriod"":20,""adxTrendThreshold"":20}",31822.135556938112,2.479234115329673,21.67156692484207,189.1916208702369,0.6725208591406497,17.711961180373187,23.00511621589724,80.00957425425567,86.38888888888889,360,89.18364232025576,1.2587541157946083,21.103879474019116,10.991254987744522,28.238600622544116,87.5,400
donchian_range_channel,ablation,ETH/USDT,"{""symbol"":""ETH/USDT"",""timeframe"":""15m"",""initialEquityUsd"":10000,""donchianPeriod"":20,""adxTrendThreshold"":25}",12253809.112900136,2.479234115329673,31.796264378171006,880.5919654051264,1.32241814613835,25.367566580746757,29.986409138403513,110.12153740946704,86.69724770642202,654,592.6206999813634,1.2800317891619726,25.070769959860865,39.80072584778324,27.181187670954007,87.23723723723724,666
donchian_range_channel,ablation,ETH/USDT,"{""symbol"":""ETH/USDT"",""timeframe"":""15m"",""initialEquityUsd"":10000,""donchianPeriod"":20,""adxTrendThreshold"":30}",407753228.8788994,2.7579055030644364,36.231992400631185,880.5919654051264,1.32241814613835,25.367566580746757,29.986409138403513,110.12153740946704,86.69724770642202,654,620.6341355679886,1.2800317891619726,25.532857811668674,41.167927227114504,26.592890184481845,87.63888888888889,720
donchian_range_channel,ablation,SOL/USDT,"{""symbol"":""SOL/USDT"",""timeframe"":""15m"",""initialEquityUsd"":10000,""donchianPeriod"":10,""adxTrendThreshold"":25}",43085979823037.26,2.7112186061131314,50.36429683714649,1771.6974631455876,1.4491409968347428,26.21312565185951,42.71499972653611,79.2238950887798,91.17043121149896,487,1898.8722732427182,4.222586423639366,33.9330457499161,56.476737726182485,22.162100318814836,75.82110412299092,1431
donchian_range_channel,ablation,SOL/USDT,"{""symbol"":""SOL/USDT"",""timeframe"":""15m"",""initialEquityUsd"":10000,""donchianPeriod"":10,""adxTrendThreshold"":30}",162139146233074800,2.887116976182808,57.79471446937285,56911.80278219502,2.062895763098807,40.45810809687481,85.38702147848876,22.302220323699224,89.21810699588477,1215,6416.137547106013,3.4109809837180953,36.486394719875015,74.98942505096765,34.77420683862635,76.48136835675015,1637
donchian_range_channel,ablation,SOL/USDT,"{""symbol"":""SOL/USDT"",""timeframe"":""15m"",""initialEquityUsd"":10000,""donchianPeriod"":20,""adxTrendThreshold"":25}",112752900005.40695,2.7112186061131105,44.0444467593362,551.626870366076,1.1690686162899426,21.815981588301256,10.198491713389934,85.91724549045503,94.71947194719472,303,731.6459482019548,2.9649685791143736,27.161277664902173,43.29944056151988,36.809680918817165,82.16482164821647,813
ohlc_trend,non-production,BTC/USDT,"{""symbol"":""BTC/USDT"",""timeframe"":""4h"",""initialEquityUsd"":10000,""fastEma"":50,""slowEma"":200,""atrStopMultiplier"":1,""rewardToRisk"":2,""crossLookback"":1}",0.21270182409440166,1.574687815941166,0.08750706230636936,0.7829292162508682,0.4284793450811897,1.3985304673897436,0.43402603544797325,3.4788737129896585,75,4,-0.8983572321848805,1.0919308816038662,-1.4112375725005433,-0.1982778514377506,0,0,2
ohlc_trend,non-production,BTC/USDT,"{""symbol"":""BTC/USDT"",""timeframe"":""4h"",""initialEquityUsd"":10000,""fastEma"":50,""slowEma"":200,""atrStopMultiplier"":1,""rewardToRisk"":2,""crossLookback"":5}",0.21270182409440166,1.574687815941166,0.08750706230636936,0.7829292162508682,0.4284793450811897,1.3985304673897436,0.43402603544797325,3.4788737129896585,75,4,-0.8983572321848805,1.0919308816038662,-1.4112375725005433,-0.1982778514377506,0,0,2
ohlc_trend,non-production,BTC/USDT,"{""symbol"":""BTC/USDT"",""timeframe"":""4h"",""initialEquityUsd"":10000,""fastEma"":50,""slowEma"":200,""atrStopMultiplier"":1,""rewardToRisk"":2,""crossLookback"":20}",0.21270182409440166,1.574687815941166,0.08750706230636936,0.7829292162508682,0.4284793450811897,1.3985304673897436,0.43402603544797325,3.4788737129896585,75,4,-0.8983572321848805,1.0919308816038662,-1.4112375725005433,-0.1982778514377506,0,0,2
ohlc_trend,non-production,ETH/USDT,"{""symbol"":""ETH/USDT"",""timeframe"":""4h"",""initialEquityUsd"":10000,""fastEma"":50,""slowEma"":200,""atrStopMultiplier"":1.5,""rewardToRisk"":3,""crossLookback"":1}",-3.0147607018915914,4.25342559009413,-1.0005333707979924,2.0077890139898775,0.5502343393945006,2.5876726895701085,0.6312329539049822,Infinity,100,2,0.8132239889615993,0.3942490381914339,1.0216225846869273,0.345678523514147,Infinity,100,2
ohlc_trend,non-production,ETH/USDT,"{""symbol"":""ETH/USDT"",""timeframe"":""4h"",""initialEquityUsd"":10000,""fastEma"":50,""slowEma"":200,""atrStopMultiplier"":1.5,""rewardToRisk"":3,""crossLookback"":5}",-3.0147607018915914,4.25342559009413,-1.0005333707979924,2.0077890139898775,0.5502343393945006,2.5876726895701085,0.6312329539049822,Infinity,100,2,0.8132239889615993,0.3942490381914339,1.0216225846869273,0.345678523514147,Infinity,100,2
ohlc_trend,non-production,ETH/USDT,"{""symbol"":""ETH/USDT"",""timeframe"":""4h"",""initialEquityUsd"":10000,""fastEma"":50,""slowEma"":200,""atrStopMultiplier"":1.5,""rewardToRisk"":3,""crossLookback"":20}",-3.0147607018915914,4.25342559009413,-1.0005333707979924,2.0077890139898775,0.5502343393945006,2.5876726895701085,0.6312329539049822,Infinity,100,2,0.8132239889615993,0.3942490381914339,1.0216225846869273,0.345678523514147,Infinity,100,2
ohlc_trend,non-production,SOL/USDT,"{""symbol"":""SOL/USDT"",""timeframe"":""4h"",""initialEquityUsd"":10000,""fastEma"":20,""slowEma"":100,""atrStopMultiplier"":1,""rewardToRisk"":2,""crossLookback"":1}",5.451779933092675,2.9344269563148124,1.0806955964947154,2.581829692665215,1.7032206010521855,1.7920674870484565,0.47881612148690744,1.9548503254848753,54.54545454545454,11,-1.9771676663016478,3.261005067337699,-1.1414542678809982,-0.38732896654377863,0.6441140566673512,31.25,16
ohlc_trend,non-production,SOL/USDT,"{""symbol"":""SOL/USDT"",""timeframe"":""4h"",""initialEquityUsd"":10000,""fastEma"":20,""slowEma"":100,""atrStopMultiplier"":1,""rewardToRisk"":2,""crossLookback"":5}",5.451779933092675,2.9344269563148124,1.0806955964947154,2.581829692665215,1.7032206010521855,1.7920674870484565,0.47881612148690744,1.9548503254848753,54.54545454545454,11,-1.9771676663016478,3.261005067337699,-1.1414542678809982,-0.38732896654377863,0.6441140566673512,31.25,16
ohlc_trend,non-production,SOL/USDT,"{""symbol"":""SOL/USDT"",""timeframe"":""4h"",""initialEquityUsd"":10000,""fastEma"":20,""slowEma"":100,""atrStopMultiplier"":1,""rewardToRisk"":2,""crossLookback"":20}",5.451779933092675,2.9344269563148124,1.0806955964947154,2.581829692665215,1.7032206010521855,1.7920674870484565,0.47881612148690744,1.9548503254848753,54.54545454545454,11,-1.9771676663016478,3.261005067337699,-1.1414542678809982,-0.38732896654377863,0.6441140566673512,31.25,16
ohlc_trend,non-production,SOL/USDT,"{""symbol"":""SOL/USDT"",""timeframe"":""4h"",""initialEquityUsd"":10000,""fastEma"":20,""slowEma"":100,""atrStopMultiplier"":1,""rewardToRisk"":3,""crossLookback"":1}",5.281773224108274,3.539056511627661,0.851478348562597,2.6303991542953193,3.0308162983947016,1.2733010821858461,0.4425878382232583,1.7961879759028194,45.45454545454545,11,-3.1658980601060467,4.340651980707664,-1.6391281970392433,-0.5815638879556108,0.4956961394758972,25,16
ohlc_trend,non-production,SOL/USDT,"{""symbol"":""SOL/USDT"",""timeframe"":""4h"",""initialEquityUsd"":10000,""fastEma"":20,""slowEma"":100,""atrStopMultiplier"":1,""rewardToRisk"":3,""crossLookback"":5}",5.281773224108274,3.539056511627661,0.851478348562597,2.6303991542953193,3.0308162983947016,1.2733010821858461,0.4425878382232583,1.7961879759028194,45.45454545454545,11,-3.1658980601060467,4.340651980707664,-1.6391281970392433,-0.5815638879556108,0.4956961394758972,25,16
ohlc_trend,non-production,SOL/USDT,"{""symbol"":""SOL/USDT"",""timeframe"":""4h"",""initialEquityUsd"":10000,""fastEma"":20,""slowEma"":100,""atrStopMultiplier"":1,""rewardToRisk"":3,""crossLookback"":20}",5.281773224108274,3.539056511627661,0.851478348562597,2.6303991542953193,3.0308162983947016,1.2733010821858461,0.4425878382232583,1.7961879759028194,45.45454545454545,11,-3.1658980601060467,4.340651980707664,-1.6391281970392433,-0.5815638879556108,0.4956961394758972,25,16
ohlc_trend,non-production,SOL/USDT,"{""symbol"":""SOL/USDT"",""timeframe"":""4h"",""initialEquityUsd"":10000,""fastEma"":20,""slowEma"":100,""atrStopMultiplier"":2,""rewardToRisk"":2,""crossLookback"":1}",2.1190550491526303,4.692937293031256,0.31735246238816467,2.7906208000255175,2.530732676141899,1.163599319491008,0.47974978041922917,1.6938030061872456,60,10,-4.814342504443557,7.334548189765934,-1.7707862182310214,-0.8196315728279896,0.44419583414584923,33.33333333333333,15
ohlc_trend,non-production,SOL/USDT,"{""symbol"":""SOL/USDT"",""timeframe"":""4h"",""initialEquityUsd"":10000,""fastEma"":20,""slowEma"":100,""atrStopMultiplier"":2,""rewardToRisk"":2,""crossLookback"":5}",2.1190550491526303,4.692937293031256,0.31735246238816467,2.7906208000255175,2.530732676141899,1.163599319491008,0.47974978041922917,1.6938030061872456,60,10,-4.814342504443557,7.334548189765934,-1.7707862182310214,-0.8196315728279896,0.44419583414584923,33.33333333333333,15
ohlc_trend,non-production,SOL/USDT,"{""symbol"":""SOL/USDT"",""timeframe"":""4h"",""initialEquityUsd"":10000,""fastEma"":20,""slowEma"":100,""atrStopMultiplier"":2,""rewardToRisk"":2,""crossLookback"":20}",2.1190550491526303,4.692937293031256,0.31735246238816467,2.7906208000255175,2.530732676141899,1.163599319491008,0.47974978041922917,1.6938030061872456,60,10,-4.814342504443557,7.334548189765934,-1.7707862182310214,-0.8196315728279896,0.44419583414584923,33.33333333333333,15
overlay_combination,dpc,ETH/USDT,"{""mask"":""dpc"",""symbol"":""ETH/USDT"",""minConsensus"":1,""maxPositionPctEquity"":0.04}",16559.711702771434,1.2621187998217593,36.07365930078517,301.0502836316773,1.0552396349180635,38.10826166871024,101.26868476188447,8.839159479226028,70.48665620094191,2548,170.64924415300194,1.6701885682104682,35.74701693553327,76.21178996309737,5.888674546440224,65.97061098221191,2586
overlay_combination,dpc,ETH/USDT,"{""mask"":""dpc"",""symbol"":""ETH/USDT"",""minConsensus"":1,""maxPositionPctEquity"":0.08}",411595.3416547027,2.509375998981507,38.17285018814933,1007.2266384548149,2.0997896447659774,38.369541168671844,91.0590074402962,7.5496002236314945,70.48665620094191,2548,411.5375954481622,3.313398317679219,35.413604569837304,65.7698086930812,4.875454984444155,65.97061098221191,2586
overlay_combination,dpc,ETH/USDT,"{""mask"":""dpc"",""symbol"":""ETH/USDT"",""minConsensus"":1,""maxPositionPctEquity"":0.12}",2707328.0907686856,3.702264162532882,38.85724690915273,2045.4506004464613,3.120970664639917,37.097841094619056,83.66094713667565,6.465279634531612,70.48665620094191,2548,675.814780569828,4.945135448663908,33.4962689460718,59.083740777417916,4.257583224317095,65.97061098221191,2586
overlay_combination,dpc,ETH/USDT,"{""mask"":""dpc"",""symbol"":""ETH/USDT"",""minConsensus"":1,""maxPositionPctEquity"":0.15}",6753880.816910848,4.562091126859712,38.81216173408608,2703.8728968116393,3.8304469196242383,36.34495998946127,77.3833736380401,5.814552265975497,70.48665620094191,2548,902.6363432504088,6.1973015211868825,32.322522809807225,56.31654320541966,3.9709964360017977,65.97061098221191,2586
overlay_combination,dpc,ETH/USDT,"{""mask"":""dpc"",""symbol"":""ETH/USDT"",""minConsensus"":1,""maxPositionPctEquity"":0.2}",19055862.132549938,5.855462773359561,38.27003036788158,3433.069401041653,5.136634649069596,35.48513605652815,68.57875164378112,5.014477584578896,70.48665620094191,2548,1341.3930438623388,8.115426081547099,30.683350445828285,53.47315421290234,3.677620068722354,65.97061098221191,2586
overlay_combination,dpc,ETH/USDT,"{""mask"":""dpc"",""symbol"":""ETH/USDT"",""minConsensus"":2,""maxPositionPctEquity"":0.04}",1276.248184814838,0.2942121894447263,22.85791168161636,60.65712974525152,0.06913617174323337,19.341713279255906,65.91028230056973,293.8122862340126,91.61073825503355,298,17.089359754667075,0.12592040923082837,16.915467435085823,23.209669747065384,60.48479184985172,90.68100358422939,279
overlay_combination,dpc,ETH/USDT,"{""mask"":""dpc"",""symbol"":""ETH/USDT"",""minConsensus"":2,""maxPositionPctEquity"":0.08}",6295.013377305419,0.5873385266538897,25.46358939807216,137.31719330865653,0.13823048238608648,20.635029099517944,60.279797260331314,274.970406611888,91.61073825503355,298,37.07610407615912,0.2517044710250771,16.915465400097425,23.209875781767124,59.30416808433911,90.68100358422939,279
overlay_combination,dpc,ETH/USDT,"{""mask"":""dpc"",""symbol"":""ETH/USDT"",""minConsensus"":2,""maxPositionPctEquity"":0.12}",16144.877993102971,0.8793846115074715,26.63838529867279,214.70695660639882,0.2072829537935197,21.179611368785512,53.5184642413223,245.62083484980226,91.61073825503355,298,59.095652882278046,0.3773523097957277,17.21255941110248,22.79281590551959,57.45054395051303,90.68100358422939,279
overlay_combination,dpc,ETH/USDT,"{""mask"":""dpc"",""symbol"":""ETH/USDT"",""minConsensus"":2,""maxPositionPctEquity"":0.15}",24546.457621521295,1.0977136065292254,27.11168359114196,237.03298672420678,0.25904486349858347,21.438277102313187,45.62271191194794,210.23201342953655,91.61073825503355,298,73.77291132958365,0.4714988673042887,17.85623725679856,21.703184682408796,54.817874974121125,90.68100358422939,279
overlay_combination,dpc,ETH/USDT,"{""mask"":""dpc"",""symbol"":""ETH/USDT"",""minConsensus"":2,""maxPositionPctEquity"":0.2}",36169.19067380163,1.460258231798937,27.511704442548552,250.16941628606256,0.34526246631366475,21.685064197453986,35.54793691957254,162.3891717447513,91.61073825503355,298,98.0180043734988,0.6282398154536194,18.619910683115723,20.153572172899885,51.32321581467126,90.68100358422939,279
overlay_combination,dpc,SOL/USDT,"{""mask"":""dpc"",""symbol"":""SOL/USDT"",""minConsensus"":2,""maxPositionPctEquity"":0.04}",5375.690313722465,0.3135458613777661,32.664842371020185,47.1494493432353,0.004797121487253509,14.572445460487794,85.4872290570255,Infinity,100,113,35.1413603746174,0.34030275892586537,21.126026789996484,31.028737299201165,39.24687091783496,85.91224018475751,433
overlay_combination,dpc,SOL/USDT,"{""mask"":""dpc"",""symbol"":""SOL/USDT"",""minConsensus"":2,""maxPositionPctEquity"":0.08}",132402.6518839367,0.6255496825049341,35.18595956202321,86.43127207823338,0.00959424297449793,14.968702772062828,81.23372077558557,Infinity,100,113,82.56126150268054,0.6792199948604358,21.126624834788966,31.04401254276219,40.46630257920037,85.91224018475751,433
overlay_combination,dpc,SOL/USDT,"{""mask"":""dpc"",""symbol"":""SOL/USDT"",""minConsensus"":2,""maxPositionPctEquity"":0.2}",5323345.391325344,1.5524213893500909,38.1759968750853,89.2154038922739,0.010191150622854757,15.001755999286848,81.0939923709905,Infinity,100,113,248.75840365558705,1.6877329753824764,22.175767691951577,25.84976403292695,33.287300895279785,85.91224018475751,433
overlay_combination,dpc-solflip,SOL/USDT,"{""mask"":""dpc-solflip"",""symbol"":""SOL/USDT"",""minConsensus"":2,""maxPositionPctEquity"":0.04}",2098.9080536001384,0.27642548095180813,30.564429275492614,47.1494493432353,0.004797121487253509,14.572445460487794,85.4872290570255,Infinity,100,113,34.255962964821826,0.16488605992557598,20.987461980523566,32.642502589877644,167.82438660675092,95.39877300613497,326
overlay_combination,dpc-solflip,SOL/USDT,"{""mask"":""dpc-solflip"",""symbol"":""SOL/USDT"",""minConsensus"":2,""maxPositionPctEquity"":0.08}",33066.60300642322,0.5516051934243941,32.013659326267934,86.43127207823338,0.00959424297449793,14.968702772062828,81.23372077558557,Infinity,100,113,80.17803792287643,0.32916871118893853,20.987747055022894,32.67057748174776,161.64532687794483,95.39877300613497,326
overlay_combination,dpc-solflip,SOL/USDT,"{""mask"":""dpc-solflip"",""symbol"":""SOL/USDT"",""minConsensus"":2,""maxPositionPctEquity"":0.2}",794223.9166226318,1.3697530712796313,34.59253945390979,89.2154038922739,0.010191150622854757,15.001755999286848,81.0939923709905,Infinity,100,113,237.5028597485469,0.8184291552312267,22.138613022288,27.137555859991235,115.70803131263305,95.39877300613497,326
overlay_combination,dpc-regime,ETH/USDT,"{""mask"":""dpc-regime"",""symbol"":""ETH/USDT"",""minConsensus"":1,""maxPositionPctEquity"":0.04}",11466.987730460249,1.262118799821827,36.85213144765542,272.65917229014394,1.0552396349181081,38.250575383832135,96.50860643804803,8.442712067070257,70.48665620094191,2548,152.41052485743475,1.6701885682102915,35.94851450310821,72.20708245745841,5.608602779316509,65.97061098221191,2586
overlay_combination,dpc-regime,ETH/USDT,"{""mask"":""dpc-regime"",""symbol"":""ETH/USDT"",""minConsensus"":1,""maxPositionPctEquity"":0.08}",131692.12355512162,2.4881848439247105,38.355232976516966,731.1467525652286,2.098930333398861,37.15523734849234,85.67016011759353,7.064519853221572,70.48665620094191,2548,312.79601377448125,3.3162575584712526,33.86356304226239,60.291010709479835,4.5688088323505,65.97061098221191,2586
overlay_combination,dpc-regime,ETH/USDT,"{""mask"":""dpc-regime"",""symbol"":""ETH/USDT"",""minConsensus"":1,""maxPositionPctEquity"":0.12}",430101.7120200253,3.602126062024389,38.417271050709694,1058.0949497908132,3.098749086548676,35.77055866944434,73.98821742130768,5.922512713725305,70.48665620094191,2548,477.89747194058714,4.97555833825813,31.724988981426232,55.34445207100324,4.077442014162594,65.97061098221191,2586
overlay_combination,dpc-regime,ETH/USDT,"{""mask"":""dpc-regime"",""symbol"":""ETH/USDT"",""minConsensus"":2,""maxPositionPctEquity"":0.04}",1017.3327071051982,0.29421218944472965,23.754168007426525,58.67027639369417,0.06913617174323337,19.756224519706844,64.17488976932884,284.2210794834694,91.61073825503355,298,17.089359754667075,0.12592040923082837,16.915467435085823,23.209669747065384,60.48479184985172,90.68100358422939,279
overlay_combination,dpc-regime,ETH/USDT,"{""mask"":""dpc-regime"",""symbol"":""ETH/USDT"",""minConsensus"":2,""maxPositionPctEquity"":0.08}",3757.370643242072,0.5873385266538778,25.976482564465957,121.98446393252267,0.13823048238608063,20.944479277516518,55.68625704666534,247.89430772996832,91.61073825503355,298,36.560865098402914,0.2517044710250518,17.106541814585995,22.949460646104757,58.69443660519626,90.68100358422939,279
overlay_combination,dpc-regime,ETH/USDT,"{""mask"":""dpc-regime"",""symbol"":""ETH/USDT"",""minConsensus"":2,""maxPositionPctEquity"":0.12}",6507.107270197455,0.8793846115074759,26.888891556016723,140.42009170337144,0.2072829537935241,21.42437246005019,41.268417214324,183.1177994063958,91.61073825503355,298,53.16215845483264,0.3773523097957252,18.24010833738485,20.965273243447182,53.67280306970418,90.68100358422939,279
overlay_combination,dpc-regime,ETH/USDT,"{""mask"":""dpc-regime"",""symbol"":""ETH/USDT"",""minConsensus"":2,""maxPositionPctEquity"":0.15}",7847.585769149348,1.0977136065292206,27.178021265895637,144.79157744547496,0.25904486349857575,21.607414932792672,33.87556312225572,149.34221857874138,91.61073825503355,298,64.99139640929363,0.4714988673043134,18.786804703195696,19.730348476124327,50.72352494539981,90.68100358422939,279
overlay_combination,dpc-regime,ETH/USDT,"{""mask"":""dpc-regime"",""symbol"":""ETH/USDT"",""minConsensus"":2,""maxPositionPctEquity"":0.2}",9178.81909547488,1.4602582317989534,27.35646762317127,149.52758798481628,0.3452624663136911,21.818032671521117,26.111402987178344,114.2464530587467,91.61073825503355,298,82.57315262927048,0.6282398154536137,19.363302576763722,17.864126568390923,46.4619609195933,90.68100358422939,279
overlay_combination,dpc-regime,SOL/USDT,"{""mask"":""dpc-regime"",""symbol"":""SOL/USDT"",""minConsensus"":2,""maxPositionPctEquity"":0.04}",5031.343899656272,0.313545861377768,32.997028571571306,43.555913450619464,0.004797121487252127,14.606599931937977,109.34752824044952,Infinity,100,113,35.1413603746174,0.34030275892586537,21.126026789996484,31.028737299201165,39.24687091783496,85.91224018475751,433
overlay_combination,dpc-regime,SOL/USDT,"{""mask"":""dpc-regime"",""symbol"":""SOL/USDT"",""minConsensus"":2,""maxPositionPctEquity"":0.12}",244332.46735774697,0.9360227668474056,37.09220495969682,57.845049569706184,0.00703183150491265,14.675784015557714,118.52670668355806,Infinity,100,113,123.76030134010358,1.0167591756674899,21.982630565525827,27.7212421796098,35.627924564917684,85.91224018475751,433
overlay_combination,dpc-regime,SOL/USDT,"{""mask"":""dpc-regime"",""symbol"":""SOL/USDT"",""minConsensus"":2,""maxPositionPctEquity"":0.15}",381537.16368091357,1.1676997710923211,37.618962827218986,57.845049569706184,0.00703183150491265,14.675784015557714,118.52670668355806,Infinity,100,113,144.30279477207836,1.2690136746882235,22.236486560399523,24.61461230530842,31.323022604601622,85.91224018475751,433
overlay_combination,dpc-regime,SOL/USDT,"{""mask"":""dpc-regime"",""symbol"":""SOL/USDT"",""minConsensus"":2,""maxPositionPctEquity"":0.2}",588415.047540702,1.546337349685432,37.99813663805771,57.845049569706184,0.00703183150491265,14.675784015557714,118.52670668355806,Infinity,100,113,157.5993130116666,1.6877329753825363,22.33297943186167,19.58252290033062,24.975241399582796,85.91224018475751,433
overlay_combination,dpc-solflip-regime,SOL/USDT,"{""mask"":""dpc-solflip-regime"",""symbol"":""SOL/USDT"",""minConsensus"":2,""maxPositionPctEquity"":0.04}",1966.330977066027,0.2764254809517922,31.101201249842337,43.555913450619464,0.004797121487252127,14.606599931937977,109.34752824044952,Infinity,100,113,34.255962964821826,0.16488605992557598,20.987461980523566,32.642502589877644,167.82438660675092,95.39877300613497,326
overlay_combination,dpc-solflip-regime,SOL/USDT,"{""mask"":""dpc-solflip-regime"",""symbol"":""SOL/USDT"",""minConsensus"":2,""maxPositionPctEquity"":0.12}",52910.35580552295,0.8255475098945556,33.8205194992276,57.845049569706184,0.00703183150491265,14.675784015557714,118.52670668355806,Infinity,100,113,119.39504752415777,0.49285126004599,21.904114651476345,29.121537168308144,135.26360200587132,95.39877300613497,326
overlay_combination,dpc-solflip-regime,SOL/USDT,"{""mask"":""dpc-solflip-regime"",""symbol"":""SOL/USDT"",""minConsensus"":2,""maxPositionPctEquity"":0.15}",77238.16284035273,1.0301972004477429,34.25687472860019,57.845049569706184,0.00703183150491265,14.675784015557714,118.52670668355806,Infinity,100,113,138.36191100319047,0.6152213298004817,22.232013448203755,25.799086820225668,116.16688181861886,95.39877300613497,326
overlay_combination,dpc-solflip-regime,SOL/USDT,"{""mask"":""dpc-solflip-regime"",""symbol"":""SOL/USDT"",""minConsensus"":2,""maxPositionPctEquity"":0.2}",109933.96482858919,1.369753071279622,34.56194630165864,57.845049569706184,0.00703183150491265,14.675784015557714,118.52670668355806,Infinity,100,113,149.50627719400924,0.818429155231228,22.55137672238011,20.433624381228128,90.77364287088272,95.39877300613497,326
pivot_point_grid,ablation,ETH/USDT,"{""symbol"":""ETH/USDT"",""timeframe"":""15m"",""initialEquityUsd"":10000,""maxPositionPctEquity"":0.04}",2606.0678880819487,5.855462773359561,21.866700046201316,252.99638134163988,5.136634649069693,24.02201165058118,24.324667041832942,2.5818137240735446,64.31279620853081,2110,135.03699986402765,10.782550087392208,17.20337488211932,17.20369745171087,1.9397781365117581,57.94573643410853,2064
pivot_point_grid,ablation,ETH/USDT,"{""symbol"":""ETH/USDT"",""timeframe"":""15m"",""initialEquityUsd"":10000,""maxPositionPctEquity"":0.08}",48770.155122426026,6.152796647606911,27.312574799309903,1168.569436886423,5.279615233357265,30.6506192479458,39.95186118555261,3.6786355176595436,64.31279620853081,2110,522.2454689555315,10.510900562831917,24.00780988242345,30.587935998518745,2.567928806280676,57.94573643410853,2064
pivot_point_grid,ablation,ETH/USDT,"{""symbol"":""ETH/USDT"",""timeframe"":""15m"",""initialEquityUsd"":10000,""maxPositionPctEquity"":0.2}",1712184.5241622545,6.163575322983567,28.45986628010834,7135.543573520416,5.3030768414164635,32.468453682132434,62.396226350091005,4.948099639219299,64.31279620853081,2110,2188.996744373721,10.510900562831951,26.621643738236482,48.20206910092816,3.2172225529572334,57.94573643410853,2064
pivot_point_grid,ablation,SOL/USDT,"{""symbol"":""SOL/USDT"",""timeframe"":""15m"",""initialEquityUsd"":10000,""maxPositionPctEquity"":0.02}",286.72266959292983,5.651577124617217,12.385224951498623,45.397169176499375,4.936812025316098,10.563556706422123,9.334993092745124,1.5884983994706547,62.52545824847251,1964,11.323015709369157,11.080427084950758,3.003038961347341,2.4536184143526305,1.1318376700642963,53.78893537889354,2151
